NAME,TIME
,
Arnav Sharma,14:10-25
,
Arnav Sharma,14:11-12
,
Aditya Sharma,14:13-56
,
shah Rukh Khan,14:16-39
,
Varun Dhawan,14:16-50
,
Abhishek kumar gupta,14:17-13
,
Abhishek kumar gupta,14:17-22
,
Nitesh Kumar,14:17-35
,
Nitesh Kumar,14:17-44
,
Aditya sharma,14:17-55
,
Aditya Sharma,14:18-19
,
Vivek Kumar,14:18-32
,
Salman Khan,14:18-41
,
Ajay Devgan,14:19-04
,
Salman Khan,14:19-54
,
Abhishek kumar gupta,14:20-19
,
Nitesh Kumar,14:20-34
,
Nitesh Kumar,14:20-54
,
Nitesh Kumar,14:21-07
,
Vivek Kumar,14:21-50
,
Nitesh Kumar,14:22-01
,
Aditya Sharma,14:22-25
,
Aditya Sharma,14:22-35
